{
    "colors":[],
    "materials":[{
        "blending":"NormalBlending",
        "visible":true,
        "specularCoef":50,
        "colorDiffuse":[0.64,0,0.003363],
        "depthTest":true,
        "depthWrite":true,
        "DbgIndex":2,
        "shading":"phong",
        "transparent":false,
        "opacity":1,
        "vertexColors":false,
        "colorSpecular":[0.5,0.5,0.5],
        "wireframe":false,
        "DbgName":"Material.008",
        "colorEmissive":[0,0,0],
        "DbgColor":60928
    },{
        "blending":"NormalBlending",
        "visible":true,
        "specularCoef":50,
        "colorDiffuse":[0.64,0.64,0.64],
        "depthTest":true,
        "depthWrite":true,
        "DbgIndex":0,
        "shading":"phong",
        "transparent":false,
        "opacity":1,
        "vertexColors":false,
        "colorSpecular":[0.5,0.5,0.5],
        "wireframe":false,
        "DbgName":"Material.006",
        "colorEmissive":[0,0,0],
        "DbgColor":15658734
    }],
    "name":"Cylinder.001Geometry",
    "metadata":{
        "colors":0,
        "type":"Geometry",
        "version":3,
        "uvs":0,
        "materials":2,
        "faces":12,
        "vertices":16,
        "normals":2,
        "generator":"io_three"
    },
    "vertices":[0,0.612534,-3.5,2.47487,0.612534,-2.47487,3.5,0.612534,0,2.47487,0.612534,2.47487,-0,0.612534,3.5,-2.47487,0.612534,2.47487,-3.5,0.612534,-0,-2.47487,0.612534,-2.47487,0,0.612534,-1.61836,1.14435,0.612534,-1.14435,1.61836,0.612534,0,1.14435,0.612534,1.14435,-0,0.612534,1.61836,-1.14435,0.612534,1.14435,-1.61836,0.612534,-0,-1.14435,0.612534,-1.14435],
    "uvs":[],
    "normals":[0,1,0,0,0.999969,0],
    "faces":[34,15,12,9,0,0,1,0,35,1,0,8,9,1,0,0,0,0,35,9,10,2,1,1,0,0,0,0,35,10,11,3,2,1,0,0,0,0,35,11,12,4,3,1,0,1,0,0,35,12,13,5,4,1,1,0,0,0,35,13,14,6,5,1,0,0,0,0,35,14,15,7,6,1,0,0,0,0,35,0,7,15,8,1,0,0,0,0,35,9,12,11,10,1,0,1,0,0,35,12,15,14,13,1,1,0,0,0,34,8,15,9,1,0,0,0]
}