{
    "name":"Cylinder.004Geometry",
    "normals":[0,0.999969,0,0,1,0],
    "metadata":{
        "type":"Geometry",
        "version":3,
        "materials":2,
        "normals":2,
        "generator":"io_three",
        "vertices":16,
        "uvs":0,
        "faces":12,
        "colors":0
    },
    "colors":[],
    "vertices":[0,1.06364,-3.8575,2.72767,1.06364,-2.72767,3.8575,1.06364,0,2.72767,1.06364,2.72767,-0,1.06364,3.8575,-2.72767,1.06364,2.72767,-3.8575,1.06364,-0,-2.72767,1.06364,-2.72767,0,1.06364,-1.78366,1.26124,1.06364,-1.26124,1.78366,1.06364,0,1.26124,1.06364,1.26124,-0,1.06364,1.78366,-1.26124,1.06364,1.26124,-1.78366,1.06364,-0,-1.26124,1.06364,-1.26124],
    "uvs":[],
    "materials":[{
        "colorSpecular":[0.5,0.5,0.5],
        "visible":true,
        "opacity":1,
        "specularCoef":50,
        "DbgColor":60928,
        "vertexColors":false,
        "blending":"NormalBlending",
        "wireframe":false,
        "DbgName":"Material.003",
        "colorEmissive":[0,0,0],
        "DbgIndex":2,
        "shading":"phong",
        "transparent":false,
        "depthTest":true,
        "depthWrite":true,
        "colorDiffuse":[0.065948,0.64,0]
    },{
        "colorSpecular":[0.5,0.5,0.5],
        "visible":true,
        "opacity":1,
        "specularCoef":50,
        "DbgColor":15658734,
        "vertexColors":false,
        "blending":"NormalBlending",
        "wireframe":false,
        "DbgName":"Material.006",
        "colorEmissive":[0,0,0],
        "DbgIndex":0,
        "shading":"phong",
        "transparent":false,
        "depthTest":true,
        "depthWrite":true,
        "colorDiffuse":[0.64,0.64,0.64]
    }],
    "faces":[34,15,12,9,0,0,1,1,35,1,0,8,9,1,1,1,1,1,35,9,10,2,1,1,1,1,1,1,35,10,11,3,2,1,1,1,1,1,35,11,12,4,3,1,1,1,1,1,35,12,13,5,4,1,1,1,1,1,35,13,14,6,5,1,1,1,1,1,35,14,15,7,6,1,1,0,1,1,35,0,7,15,8,1,1,1,0,1,35,9,12,11,10,1,1,1,1,1,35,12,15,14,13,1,1,0,1,1,34,8,15,9,1,1,0,1]
}