{
    "materials":[{
        "transparent":false,
        "DbgName":"Material.001",
        "depthTest":true,
        "colorDiffuse":[0.64,0.64,0.64],
        "vertexColors":false,
        "specularCoef":50,
        "colorEmissive":[0,0,0],
        "depthWrite":true,
        "DbgColor":15658734,
        "shading":"phong",
        "colorSpecular":[0.5,0.5,0.5],
        "visible":true,
        "DbgIndex":0,
        "opacity":1,
        "wireframe":false,
        "blending":"NormalBlending"
    },{
        "transparent":false,
        "DbgName":"Material.003",
        "depthTest":true,
        "colorDiffuse":[0.065948,0.64,0],
        "vertexColors":false,
        "specularCoef":50,
        "colorEmissive":[0,0,0],
        "depthWrite":true,
        "DbgColor":60928,
        "shading":"phong",
        "colorSpecular":[0.5,0.5,0.5],
        "visible":true,
        "DbgIndex":2,
        "opacity":1,
        "wireframe":false,
        "blending":"NormalBlending"
    },{
        "transparent":false,
        "DbgName":"Material.002",
        "depthTest":true,
        "colorDiffuse":[0.64,0.32015,0],
        "vertexColors":false,
        "specularCoef":50,
        "colorEmissive":[0,0,0],
        "depthWrite":true,
        "DbgColor":15597568,
        "shading":"phong",
        "colorSpecular":[0.5,0.5,0.5],
        "visible":true,
        "DbgIndex":1,
        "opacity":1,
        "wireframe":false,
        "blending":"NormalBlending"
    }],
    "colors":[],
    "normals":[0,0,-1,0.499985,-0.16245,-0.850642,0,-0.525712,-0.850642,0.850642,-0.276376,-0.447188,0.809015,0.262856,-0.525712,-0.499985,-0.16245,-0.850642,-0.309,0.425306,-0.850642,0.309,0.425306,-0.850642,1,0,0,0,-0.894406,-0.447218,0.499985,-0.688162,-0.525712,0.309,-0.951048,0,-0.850642,-0.276376,-0.447188,-0.499985,-0.688162,-0.525712,-0.809015,-0.587756,0,-0.525712,0.723594,-0.447218,-0.808985,0.262856,-0.525712,-0.809015,0.587756,0,0.525712,0.723594,-0.447188,0,0.850642,-0.525712,0.309,0.951048,0,0.809015,-0.587756,0,-0.309,-0.951048,0,-1,0,0,-0.309,0.951048,0,0.809015,0.587756,0,0.525712,-0.723594,0.447218,0.808985,-0.262856,0.525712,0.330119,-0.45436,0.827357,-0.525712,-0.723594,0.447188,0,-0.850642,0.525712,-0.330119,-0.45436,0.827357,-0.850642,0.276376,0.447188,-0.809015,-0.262856,0.525712,-0.534135,0.173528,0.827357,0,0.894406,0.447218,-0.499985,0.688162,0.525712,0,0.561632,0.827357,0.850642,0.276376,0.447188,0.499985,0.688162,0.525712,0.534135,0.173528,0.827357,0.436293,-0.600543,0.670034,0.705954,0.229377,0.670034,0.800195,0.259987,0.540422,0.494522,-0.680685,0.540422,0,0.742302,0.670034,-0.705954,0.229377,0.670034,-0.800195,0.259987,0.540422,0,0.841365,0.540422,-0.436293,-0.600513,0.670034,-0.494552,-0.680685,0.540422,0,0,1],
    "vertices":[0,-0,-4.15832,3.53727,-1.14931,-1.85968,1.9e-05,-3.7193,-1.85968,-3.53727,-1.14933,-1.85966,-2.18614,3.00899,-1.85968,2.18617,3.00896,-1.85968,2.18614,-3.00899,1.85968,-2.18617,-3.00896,1.85968,-3.53727,1.14931,1.85968,-1.9e-05,3.7193,1.85968,3.53727,1.14933,1.85966,1.1e-05,-2.18613,-3.53729,2.07914,-0.675542,-3.53729,2.07917,-2.86169,-2.18618,3.36414,1.09307,-2.18618,1.28499,1.76861,-3.53729,-2.07915,-0.675558,-3.53728,-2.07916,-2.8617,-2.18618,-1.28497,1.76862,-3.53729,-3.36414,1.09307,-2.18618,2e-05,3.53726,-2.18619,4.15832,1.9e-05,0,3.36416,2.44418,-0,1.28499,-3.95479,1e-06,3.36415,-2.4442,1e-06,-3.36416,-2.44418,0,-1.28499,-3.95479,0,-3.36415,2.4442,-1e-06,-4.15832,-1.9e-05,-0,1.28499,3.95479,-0,-1.28499,3.95479,-1e-06,3.36414,-1.09307,2.18618,-2e-05,-3.53726,2.18619,-3.36414,-1.09307,2.18618,-2.07917,2.86169,2.18618,2.07916,2.8617,2.18618,0.790195,-1.08762,3.90264,2.07915,0.675558,3.53728,-0.790208,-1.08761,3.90264,-1.27857,0.415423,3.90264,-5e-06,1.34437,3.90264,1.27858,0.415437,3.90264,-1.1e-05,2.18613,3.53729,-2.07914,0.675542,3.53729,-1.28499,-1.76861,3.53729,1.28497,-1.76862,3.53729,1.27858,0.415437,9.30433,-4e-06,0,9.56001,0.790191,-1.08762,9.30434,-0.790211,-1.08761,9.30433,-1.27858,0.415423,9.30433,-9e-06,1.34437,9.30434],
    "faces":[34,0,12,11,0,0,1,2,34,1,12,14,0,3,1,4,34,0,11,16,0,0,2,5,34,0,16,18,0,0,5,6,34,0,18,15,0,0,6,7,34,1,14,21,0,3,4,8,34,2,13,23,0,9,10,11,34,3,17,25,0,12,13,14,34,4,19,27,0,15,16,17,34,5,20,29,1,18,19,20,34,1,21,24,0,3,8,21,34,2,23,26,0,9,11,22,34,3,25,28,0,12,14,23,34,4,27,30,0,15,17,24,34,5,29,22,0,18,20,25,34,6,31,45,0,26,27,28,34,7,32,44,0,29,30,31,34,8,33,43,0,32,33,34,34,9,34,42,0,35,36,37,34,10,35,37,0,38,39,40,35,36,41,46,48,2,41,42,43,44,34,37,35,42,0,40,39,37,34,35,9,42,0,39,35,37,35,40,39,50,51,2,45,46,47,48,34,42,34,43,0,37,36,34,34,34,8,43,0,36,32,34,35,38,36,48,49,2,49,41,44,50,34,43,33,44,0,34,33,31,34,33,7,44,0,33,29,31,35,41,40,51,46,2,42,45,48,43,34,44,32,45,0,31,30,28,34,32,6,45,0,30,26,28,35,39,38,49,50,2,46,49,50,47,34,45,31,37,0,28,27,40,34,31,10,37,0,27,38,40,34,22,35,10,0,25,39,38,34,22,29,35,0,25,20,39,34,29,9,35,0,20,35,39,34,30,34,9,0,24,36,35,34,30,27,34,0,24,17,36,34,27,8,34,0,17,32,36,34,28,33,8,0,23,33,32,34,28,25,33,0,23,14,33,34,25,7,33,0,14,29,33,34,26,32,7,0,22,30,29,34,26,23,32,0,22,11,30,34,23,6,32,0,11,26,30,34,24,31,6,0,21,27,26,34,24,21,31,0,21,8,27,34,21,10,31,0,8,38,27,34,29,30,9,1,20,24,35,34,29,20,30,1,20,19,24,34,20,4,30,1,19,15,24,34,27,28,8,0,17,23,32,34,27,19,28,0,17,16,23,34,19,3,28,0,16,12,23,34,25,26,7,0,14,22,29,34,25,17,26,0,14,13,22,34,17,2,26,0,13,9,22,34,23,24,6,0,11,21,26,34,23,13,24,0,11,10,21,34,13,1,24,0,10,3,21,34,21,22,10,0,8,25,38,34,21,14,22,0,8,4,25,34,14,5,22,0,4,18,25,34,15,20,5,0,7,19,18,34,15,18,20,0,7,6,19,34,18,4,20,0,6,15,19,34,18,19,4,0,6,16,15,34,18,16,19,0,6,5,16,34,16,3,19,0,5,12,16,34,16,17,3,0,5,13,12,34,16,11,17,0,5,2,13,34,11,2,17,0,2,9,13,34,14,15,5,0,4,7,18,34,14,12,15,0,4,1,7,34,12,0,15,0,1,0,7,34,11,13,2,0,2,10,9,34,11,12,13,0,2,1,10,34,12,1,13,0,1,3,10,35,40,41,37,42,0,45,42,40,37,35,39,40,42,43,0,46,45,37,34,35,38,39,43,44,0,49,46,34,31,35,36,38,44,45,0,41,49,31,28,35,41,36,45,37,0,42,41,28,40,34,46,51,47,2,43,48,51,34,51,50,47,2,48,47,51,34,50,49,47,2,47,50,51,34,49,48,47,2,50,44,51,34,48,46,47,2,44,43,51],
    "metadata":{
        "type":"Geometry",
        "normals":52,
        "faces":90,
        "uvs":0,
        "version":3,
        "colors":0,
        "generator":"io_three",
        "materials":3,
        "vertices":52
    },
    "uvs":[],
    "name":"IcosphereGeometry"
}